{"cameraMode":{"drawMode":0,"name":"Shaded","section":"Shading Mode"},"sceneLighting":false,"audioPlay":false,"sceneViewState":{"m_AlwaysRefresh":false,"showFog":true,"showSkybox":false,"showFlares":true,"showImageEffects":true,"showParticleSystems":true,"showVisualEffectGraphs":true,"m_FxEnabled":true},"in2DMode":false,"pivot":{"x":-2.1366090774536135,"y":-6.202172756195068,"z":-0.1683281511068344},"rotation":{"x":-0.1362500786781311,"y":-0.043972697108983996,"z":0.006054944824427366,"w":-0.9896878600120544},"size":1.7514240741729737,"orthographic":false}