{"cameraMode":{"drawMode":0,"name":"Shaded","section":"Shading Mode"},"sceneLighting":false,"audioPlay":false,"sceneViewState":{"m_AlwaysRefresh":false,"showFog":true,"showSkybox":false,"showFlares":true,"showImageEffects":true,"showParticleSystems":true,"showVisualEffectGraphs":true,"m_FxEnabled":true},"in2DMode":false,"pivot":{"x":-2.2799997329711916,"y":-1.679999828338623,"z":0.007886350154876709},"rotation":{"x":0.02158617414534092,"y":-0.03598297759890556,"z":0.0007803477346897125,"w":0.9991361498832703},"size":10.936294555664063,"orthographic":true}