{"cameraMode":{"drawMode":0,"name":"Shaded","section":"Shading Mode"},"sceneLighting":true,"audioPlay":false,"sceneViewState":{"m_AlwaysRefresh":false,"showFog":true,"showSkybox":true,"showFlares":true,"showImageEffects":true,"showParticleSystems":true,"showVisualEffectGraphs":true,"m_FxEnabled":true},"in2DMode":false,"pivot":{"x":0.4385749101638794,"y":5.072470188140869,"z":-3.1945881843566896},"rotation":{"x":0.02158617414534092,"y":-0.03598297759890556,"z":0.0007803477346897125,"w":0.9991361498832703},"size":64.50196838378906,"orthographic":true}