{"cameraMode":{"drawMode":0,"name":"Shaded","section":"Shading Mode"},"sceneLighting":true,"audioPlay":false,"sceneViewState":{"m_AlwaysRefresh":false,"showFog":true,"showSkybox":true,"showFlares":true,"showImageEffects":true,"showParticleSystems":true,"showVisualEffectGraphs":true,"m_FxEnabled":true},"in2DMode":false,"pivot":{"x":13.216854095458985,"y":34.68574523925781,"z":-184.6726531982422},"rotation":{"x":0.02158617414534092,"y":-0.03598297759890556,"z":0.0007803477346897125,"w":0.9991361498832703},"size":32.34898376464844,"orthographic":true}