{"cameraMode":{"drawMode":0,"name":"Shaded","section":"Shading Mode"},"sceneLighting":true,"audioPlay":false,"sceneViewState":{"m_AlwaysRefresh":false,"showFog":true,"showSkybox":true,"showFlares":true,"showImageEffects":true,"showParticleSystems":true,"showVisualEffectGraphs":true,"m_FxEnabled":true},"in2DMode":false,"pivot":{"x":4.115545272827148,"y":0.30896812677383425,"z":12.845650672912598},"rotation":{"x":0.0059687248431146149,"y":0.10182144492864609,"z":-0.0006110292742960155,"w":0.9947829842567444},"size":7.654780864715576,"orthographic":true}