{"cameraMode":{"drawMode":0,"name":"Shaded","section":"Shading Mode"},"sceneLighting":true,"audioPlay":false,"sceneViewState":{"m_AlwaysRefresh":false,"showFog":true,"showSkybox":true,"showFlares":true,"showImageEffects":true,"showParticleSystems":true,"showVisualEffectGraphs":true,"m_FxEnabled":true},"in2DMode":false,"pivot":{"x":8.181137084960938,"y":37.80443572998047,"z":-185.94761657714845},"rotation":{"x":0.02158617414534092,"y":-0.03598297759890556,"z":0.0007803477346897125,"w":0.9991361498832703},"size":31.099702835083009,"orthographic":true}