{"cameraMode":{"drawMode":0,"name":"Shaded","section":"Shading Mode"},"sceneLighting":true,"audioPlay":false,"sceneViewState":{"m_AlwaysRefresh":false,"showFog":true,"showSkybox":true,"showFlares":true,"showImageEffects":true,"showParticleSystems":true,"showVisualEffectGraphs":true,"m_FxEnabled":true},"in2DMode":false,"pivot":{"x":-0.15565872192382813,"y":72.8420181274414,"z":-179.40838623046876},"rotation":{"x":0.02158617414534092,"y":-0.03598297759890556,"z":0.0007803477346897125,"w":0.9991361498832703},"size":508.17132568359377,"orthographic":true}