{"cameraMode":{"drawMode":0,"name":"Shaded","section":"Shading Mode"},"sceneLighting":false,"audioPlay":false,"sceneViewState":{"m_AlwaysRefresh":false,"showFog":true,"showSkybox":false,"showFlares":true,"showImageEffects":true,"showParticleSystems":true,"showVisualEffectGraphs":true,"m_FxEnabled":true},"in2DMode":false,"pivot":{"x":-3.305661201477051,"y":0.008431579917669297,"z":-0.7457259893417358},"rotation":{"x":-0.012088827788829804,"y":-0.7920470237731934,"z":0.015692172572016717,"w":-0.6101479530334473},"size":1.1937472820281983,"orthographic":false}